username,notif...
leo
cr7,Netflix-1.1191344-1
bigz,google>-5.065522>0,google>-5.065522>0,google>-5.065522>0,google>-5.065522>0,google>-5.065522>0,google>-5.065522>0,google>-5.065522>0,google>-5.065522>0,google>-5.065522>0,google>-5.065522>0,google>-5.065522>0,google>-5.065522>0,google>-5.065522>0,google>-5.065522>0,google>-5.065522>0,google>-5.065522>0,google>-5.065522>0,google>-5.065522>0,google>-5.065522>0,google>-5.065522>0,google>-5.065522>0,google>-5.065522>0,google>-5.065522>0,google>-5.065522>0,google>-5.065522>0,google>-5.065522>0,google>-5.065522>0,google>-5.065522>0,google>-5.065522>0,google>-5.065522>0,google>-5.065522>0,google>-5.065522>0,google>-5.065522>0,google>-5.065522>0,google>-5.065522>0,google>-5.065522>0,google>-5.065522>0,google>-5.065522>0,google>-5.065522>0,google>-5.065522>0,google>-5.065522>0,google>-5.065522>0,google>-5.065522>0,google>-5.065522>0,google>-5.065522>0,google>-5.065522>0,google>-5.065522>0,google>-5.065522>0,google>-5.065522>0,google>-5.065522>0,google>-5.065522>0,google>-5.065522>0,google>-5.065522>0,google>-5.065522>0,google>-5.065522>0,google>-5.065522>0,google>-5.065522>0,google>-5.065522>0,google>-5.065522>0,google>-5.065522>0,google>-5.065522>0,google>-5.065522>0,google>-5.065522>0,google>-5.065522>0,google>-5.065522>0,google>-5.065522>0,google>-5.065522>0,google>-5.065522>0,google>-5.065522>0,google>-5.065522>0,google>-5.065522>0,google>-5.065522>0,google>-5.065522>0,google>-5.065522>0,google>-5.065522>0,google>-5.065522>0,google>-5.065522>0,google>-5.065522>0,google>-5.065522>0,google>-5.065522>0,google>-5.065522>0,google>-5.065522>0,google>-5.065522>0,google>-5.065522>0,google>-5.065522>0,google>-5.065522>0,google>-5.065522>0
s
