username,notif...
leo
cr7,Netflix-1.1191344-1
bigz,google>-5.014614>0,google>-5.014614>0,google>-5.014614>0,google>-5.014614>0,google>-5.014614>0,google>-5.014614>0,google>-5.014614>0,google>-5.014614>0,google>-5.014614>0,google>-5.014614>0,google>-5.014614>0,google>-5.014614>0,google>-5.014614>0,google>-5.014614>0,google>-5.014614>0,google>-5.014614>0,google>-5.014614>0,google>-5.014614>0,google>-5.014614>0,google>-5.014614>0,google>-5.014614>0,google>-5.014614>0,google>-5.014614>0,google>-5.014614>0,google>-5.014614>0,google>-5.014614>0,google>-5.014614>0,google>-5.014614>0,google>-5.014614>0,google>-5.014614>0,google>-5.014614>0,google>-5.014614>0,google>-5.014614>0,google>-5.014614>0,google>-5.014614>0,google>-5.014614>0,google>-5.014614>0,google>-5.014614>0,google>-5.014614>0,google>-5.014614>0,google>-5.014614>0,google>-5.014614>0,google>-5.014614>0,google>-5.014614>0,google>-5.014614>0,google>-5.014614>0,google>-5.014614>0,google>-5.014614>0,google>-5.014614>0,google>-5.014614>0,google>-5.014614>0,google>-5.014614>0,google>-5.014614>0,google>-5.014614>0,google>-5.014614>0,google>-5.014614>0,google>-5.014614>0,google>-5.014614>0,google>-5.014614>0,google>-5.014614>0,google>-5.014614>0,google>-5.014614>0,google>-5.014614>0,google>-5.014614>0,google>-5.014614>0,google>-5.014614>0,google>-5.014614>0,google>-5.014614>0,google>-5.014614>0,google>-5.014614>0,google>-5.014614>0,google>-5.014614>0,google>-5.014614>0,google>-5.014614>0,google>-5.014614>0,google>-5.014614>0,google>-5.014614>0,google>-5.014614>0,google>-5.014614>0,google>-5.014614>0,google>-5.014614>0,google>-5.014614>0,google>-5.014614>0,google>-5.014614>0,google>-5.014614>0,google>-5.014614>0,google>-5.014614>0,google>-5.014614>0,google>-5.014614>0,google>-5.014614>0,google>-5.014614>0
s
